[
  {
    "value": "Managua",
    "synonyms": [
      "1",
      "Managua",
      "uno"
    ]
  },
  {
    "value": "Buenos Aires",
    "synonyms": [
      "2",
      "Buenos Aires",
      "buenos aires",
      "buenos",
      "aires",
      "dos"
    ]
  },
  {
    "value": "Santiago",
    "synonyms": [
      "3",
      "santiago",
      "santiago de chile",
      "tres"
    ]
  },
  {
    "value": "Medellin",
    "synonyms": [
      "4",
      "Medellin",
      "medallo",
      "medellin",
      "cuatro"
    ]
  },
  {
    "value": "Perú",
    "synonyms": [
      "5",
      "peru",
      "Peru",
      "cinco"
    ]
  }
]