[
  {
    "id": "b5d54b9c-5a80-4214-a076-8c303256c5f4",
    "data": [
      {
        "text": "dos",
        "meta": "@first_selection",
        "alias": "first_selection",
        "userDefined": false
      }
    ],
    "isTemplate": false,
    "count": 0,
    "lang": "es",
    "updated": 0
  },
  {
    "id": "8c94dae8-4cc0-4fd1-a0c7-dfcc8c1af408",
    "data": [
      {
        "text": "opcion ",
        "userDefined": false
      },
      {
        "text": "2",
        "meta": "@first_selection",
        "alias": "first_selection",
        "userDefined": false
      }
    ],
    "isTemplate": false,
    "count": 0,
    "lang": "es",
    "updated": 0
  },
  {
    "id": "e1926b85-392c-4c50-be4d-9da5b6488d81",
    "data": [
      {
        "text": "selecciono el ",
        "userDefined": false
      },
      {
        "text": "2",
        "meta": "@first_selection",
        "alias": "first_selection",
        "userDefined": true
      }
    ],
    "isTemplate": false,
    "count": 0,
    "lang": "es",
    "updated": 0
  },
  {
    "id": "0a4bc9ce-5019-496b-996e-ff8679f617d9",
    "data": [
      {
        "text": "escojo el ",
        "userDefined": false
      },
      {
        "text": "2",
        "meta": "@first_selection",
        "alias": "first_selection",
        "userDefined": false
      }
    ],
    "isTemplate": false,
    "count": 0,
    "lang": "es",
    "updated": 0
  },
  {
    "id": "04b5e17c-d952-4b8e-8a5b-00f2304b5cae",
    "data": [
      {
        "text": "2",
        "meta": "@first_selection",
        "alias": "first_selection",
        "userDefined": false
      }
    ],
    "isTemplate": false,
    "count": 0,
    "lang": "es",
    "updated": 0
  }
]