[
  {
    "id": "773c1d31-6efb-46f4-a094-9d446887b30a",
    "data": [
      {
        "text": "selecciono el ",
        "userDefined": false
      },
      {
        "text": "3",
        "meta": "@suport_selection",
        "alias": "suport_selection",
        "userDefined": false
      }
    ],
    "isTemplate": false,
    "count": 0,
    "lang": "es",
    "updated": 0
  },
  {
    "id": "9cf8cd08-fa61-44f4-951e-6572fb3132b5",
    "data": [
      {
        "text": "escojo el ",
        "userDefined": false
      },
      {
        "text": "3",
        "meta": "@suport_selection",
        "alias": "suport_selection",
        "userDefined": false
      }
    ],
    "isTemplate": false,
    "count": 0,
    "lang": "es",
    "updated": 0
  },
  {
    "id": "4172b086-9104-4d6c-8075-9681c4587191",
    "data": [
      {
        "text": "opcion ",
        "userDefined": false
      },
      {
        "text": "3",
        "meta": "@suport_selection",
        "alias": "suport_selection",
        "userDefined": false
      }
    ],
    "isTemplate": false,
    "count": 0,
    "lang": "es",
    "updated": 0
  },
  {
    "id": "28bf05a6-2eeb-4a71-a0d3-b247f7ba8e43",
    "data": [
      {
        "text": "3",
        "meta": "@suport_selection",
        "alias": "suport_selection",
        "userDefined": false
      }
    ],
    "isTemplate": false,
    "count": 0,
    "lang": "es",
    "updated": 0
  },
  {
    "id": "c29a6cae-d978-437e-95e3-d907f58352fd",
    "data": [
      {
        "text": "tres",
        "meta": "@suport_selection",
        "alias": "suport_selection",
        "userDefined": false
      }
    ],
    "isTemplate": false,
    "count": 0,
    "lang": "es",
    "updated": 0
  }
]