[
  {
    "id": "b5ae76d9-9618-4917-8238-df5cf5801340",
    "data": [
      {
        "text": "opcion ",
        "userDefined": false
      },
      {
        "text": "2",
        "meta": "@suport_selection",
        "alias": "suport_selection",
        "userDefined": false
      }
    ],
    "isTemplate": false,
    "count": 0,
    "lang": "es",
    "updated": 0
  },
  {
    "id": "ea351343-5255-4fad-b68e-ce90b5ebcdbc",
    "data": [
      {
        "text": "selecciono el ",
        "userDefined": false
      },
      {
        "text": "2",
        "meta": "@suport_selection",
        "alias": "suport_selection",
        "userDefined": false
      }
    ],
    "isTemplate": false,
    "count": 0,
    "lang": "es",
    "updated": 0
  },
  {
    "id": "a785a9d5-7c32-44b6-95b0-99902548996c",
    "data": [
      {
        "text": "escojo el ",
        "userDefined": false
      },
      {
        "text": "2",
        "meta": "@suport_selection",
        "alias": "suport_selection",
        "userDefined": false
      }
    ],
    "isTemplate": false,
    "count": 0,
    "lang": "es",
    "updated": 0
  },
  {
    "id": "e94d19f1-aedd-4110-9642-ca39c0e56fce",
    "data": [
      {
        "text": "2",
        "meta": "@suport_selection",
        "alias": "suport_selection",
        "userDefined": false
      }
    ],
    "isTemplate": false,
    "count": 0,
    "lang": "es",
    "updated": 0
  },
  {
    "id": "cacd0ecf-2eb6-4293-9b82-e4c085777e9c",
    "data": [
      {
        "text": "dos",
        "meta": "@suport_selection",
        "alias": "suport_selection",
        "userDefined": true
      }
    ],
    "isTemplate": false,
    "count": 0,
    "lang": "es",
    "updated": 0
  }
]