[
  {
    "id": "a02e2145-9ed1-4ccc-8461-264542691ef5",
    "data": [
      {
        "text": "uno",
        "meta": "@first_selection",
        "alias": "first_selection",
        "userDefined": false
      }
    ],
    "isTemplate": false,
    "count": 0,
    "lang": "es",
    "updated": 0
  },
  {
    "id": "f384f051-467a-4827-a39f-e52a99120263",
    "data": [
      {
        "text": "numero ",
        "userDefined": false
      },
      {
        "text": "1",
        "meta": "@first_selection",
        "alias": "first_selection",
        "userDefined": false
      }
    ],
    "isTemplate": false,
    "count": 0,
    "lang": "es",
    "updated": 0
  },
  {
    "id": "2f4bc2e8-3ef7-4546-996e-a93bce379f91",
    "data": [
      {
        "text": "mi",
        "userDefined": false
      },
      {
        "text": " opcion ",
        "userDefined": false
      },
      {
        "text": "es",
        "userDefined": false
      },
      {
        "text": " el ",
        "userDefined": false
      },
      {
        "text": "1",
        "meta": "@first_selection",
        "alias": "first_selection",
        "userDefined": true
      }
    ],
    "isTemplate": false,
    "count": 0,
    "lang": "es",
    "updated": 0
  },
  {
    "id": "3bbfbce3-2f6e-48e0-a48d-20acbd20fc47",
    "data": [
      {
        "text": "selecciono el ",
        "userDefined": false
      },
      {
        "text": "1",
        "meta": "@first_selection",
        "alias": "first_selection",
        "userDefined": true
      }
    ],
    "isTemplate": false,
    "count": 0,
    "lang": "es",
    "updated": 0
  },
  {
    "id": "5182712d-7bfd-4573-9085-373810a41e30",
    "data": [
      {
        "text": "escojo el numero ",
        "userDefined": false
      },
      {
        "text": "1",
        "meta": "@first_selection",
        "alias": "first_selection",
        "userDefined": true
      }
    ],
    "isTemplate": false,
    "count": 0,
    "lang": "es",
    "updated": 0
  },
  {
    "id": "aa52d6c0-e41a-4c6c-8025-3e2fddebcc3e",
    "data": [
      {
        "text": "1",
        "meta": "@first_selection",
        "alias": "first_selection",
        "userDefined": false
      }
    ],
    "isTemplate": false,
    "count": 0,
    "lang": "es",
    "updated": 0
  }
]