[
  {
    "id": "cc9d8334-2dcc-44a8-b226-279e24bd3de3",
    "data": [
      {
        "text": "escojo el ",
        "userDefined": false
      },
      {
        "text": "1",
        "meta": "@suport_selection",
        "alias": "suport_selection",
        "userDefined": false
      }
    ],
    "isTemplate": false,
    "count": 0,
    "lang": "es",
    "updated": 0
  },
  {
    "id": "5cf9c1e7-85f5-476d-94f3-3ed9e491f945",
    "data": [
      {
        "text": "opcion ",
        "userDefined": false
      },
      {
        "text": "1",
        "meta": "@suport_selection",
        "alias": "suport_selection",
        "userDefined": false
      }
    ],
    "isTemplate": false,
    "count": 0,
    "lang": "es",
    "updated": 0
  },
  {
    "id": "ce91f615-6c30-4a03-9e3a-896204e9bad0",
    "data": [
      {
        "text": "selecciono el ",
        "userDefined": false
      },
      {
        "text": "1",
        "meta": "@suport_selection",
        "alias": "suport_selection",
        "userDefined": false
      }
    ],
    "isTemplate": false,
    "count": 0,
    "lang": "es",
    "updated": 0
  },
  {
    "id": "d4a84ac4-5ab1-471f-87e1-63e38f402a80",
    "data": [
      {
        "text": "uno",
        "meta": "@suport_selection",
        "alias": "suport_selection",
        "userDefined": false
      }
    ],
    "isTemplate": false,
    "count": 0,
    "lang": "es",
    "updated": 0
  },
  {
    "id": "443f4e0c-a331-479d-9908-d3c2e1c8392e",
    "data": [
      {
        "text": "1",
        "meta": "@suport_selection",
        "alias": "suport_selection",
        "userDefined": false
      }
    ],
    "isTemplate": false,
    "count": 0,
    "lang": "es",
    "updated": 0
  }
]