[
  {
    "id": "95de3bca-ac91-4f44-a917-95b4575a96fd",
    "data": [
      {
        "text": "escojo el nuimero ",
        "userDefined": false
      },
      {
        "text": "3",
        "meta": "@first_selection",
        "alias": "first_selection",
        "userDefined": false
      }
    ],
    "isTemplate": false,
    "count": 0,
    "lang": "es",
    "updated": 0
  },
  {
    "id": "dd5d2459-c5d3-4c18-98b3-62da69110289",
    "data": [
      {
        "text": "numero ",
        "userDefined": false
      },
      {
        "text": "3",
        "meta": "@first_selection",
        "alias": "first_selection",
        "userDefined": false
      }
    ],
    "isTemplate": false,
    "count": 0,
    "lang": "es",
    "updated": 0
  },
  {
    "id": "4b79be3f-6013-438d-ab54-66e11bebe86a",
    "data": [
      {
        "text": "la opcion ",
        "userDefined": false
      },
      {
        "text": "3",
        "meta": "@first_selection",
        "alias": "first_selection",
        "userDefined": false
      }
    ],
    "isTemplate": false,
    "count": 0,
    "lang": "es",
    "updated": 0
  },
  {
    "id": "d9fd56ba-996f-45f5-95c3-c861f2a45f2c",
    "data": [
      {
        "text": "tres",
        "meta": "@first_selection",
        "alias": "first_selection",
        "userDefined": false
      }
    ],
    "isTemplate": false,
    "count": 0,
    "lang": "es",
    "updated": 0
  },
  {
    "id": "ba2908df-3b21-4ec0-af98-6af265e1b965",
    "data": [
      {
        "text": "seleccion el ",
        "userDefined": false
      },
      {
        "text": "3",
        "meta": "@first_selection",
        "alias": "first_selection",
        "userDefined": false
      }
    ],
    "isTemplate": false,
    "count": 0,
    "lang": "es",
    "updated": 0
  },
  {
    "id": "f4ba10b0-e11b-416e-8454-320b0255f556",
    "data": [
      {
        "text": "escojo el ",
        "userDefined": false
      },
      {
        "text": "3",
        "meta": "@first_selection",
        "alias": "first_selection",
        "userDefined": false
      }
    ],
    "isTemplate": false,
    "count": 0,
    "lang": "es",
    "updated": 0
  },
  {
    "id": "efc30f1d-7e66-4744-8cf9-b6bcdf39f9d9",
    "data": [
      {
        "text": "3",
        "meta": "@first_selection",
        "alias": "first_selection",
        "userDefined": false
      }
    ],
    "isTemplate": false,
    "count": 0,
    "lang": "es",
    "updated": 0
  }
]