[
  {
    "id": "ad265012-967d-4fe6-884a-ea5a0069db18",
    "data": [
      {
        "text": "soy ",
        "userDefined": false
      },
      {
        "text": "leonardo",
        "meta": "@sys.person",
        "alias": "person",
        "userDefined": true
      }
    ],
    "isTemplate": false,
    "count": 0,
    "lang": "es",
    "updated": 0
  },
  {
    "id": "565bd10b-c9e8-4a78-af70-cb2385d240e6",
    "data": [
      {
        "text": "soy ",
        "userDefined": false
      },
      {
        "text": "leo",
        "meta": "@sys.person",
        "alias": "person",
        "userDefined": false
      }
    ],
    "isTemplate": false,
    "count": 0,
    "lang": "es",
    "updated": 0
  },
  {
    "id": "3c027477-f706-4d98-879c-fea2a0c27263",
    "data": [
      {
        "text": "me dicen ",
        "userDefined": false
      },
      {
        "text": "leo",
        "meta": "@sys.person",
        "alias": "person",
        "userDefined": false
      }
    ],
    "isTemplate": false,
    "count": 0,
    "lang": "es",
    "updated": 0
  },
  {
    "id": "67c154d9-6e3c-4361-bea9-83e8b493ca38",
    "data": [
      {
        "text": "me llamo ",
        "userDefined": false
      },
      {
        "text": "leo",
        "meta": "@sys.person",
        "alias": "person",
        "userDefined": false
      }
    ],
    "isTemplate": false,
    "count": 0,
    "lang": "es",
    "updated": 0
  },
  {
    "id": "4479b270-a002-4bd5-9bb4-09f2e26c18a6",
    "data": [
      {
        "text": "Me llamo ",
        "userDefined": false
      },
      {
        "text": "Leonardo",
        "meta": "@sys.person",
        "alias": "person",
        "userDefined": false
      }
    ],
    "isTemplate": false,
    "count": 0,
    "lang": "es",
    "updated": 0
  },
  {
    "id": "4e850f35-dbdd-4b0f-99f1-72e5575d9552",
    "data": [
      {
        "text": "Mi",
        "userDefined": false
      },
      {
        "text": " nombre ",
        "userDefined": false
      },
      {
        "text": "es",
        "userDefined": false
      },
      {
        "text": " ",
        "userDefined": false
      },
      {
        "text": "Leonardo",
        "meta": "@sys.person",
        "alias": "person",
        "userDefined": false
      }
    ],
    "isTemplate": false,
    "count": 0,
    "lang": "es",
    "updated": 0
  },
  {
    "id": "5027c1e6-c2fc-40d4-8586-dce74df76196",
    "data": [
      {
        "text": "Julian",
        "meta": "@sys.person",
        "alias": "person",
        "userDefined": false
      }
    ],
    "isTemplate": false,
    "count": 0,
    "lang": "es",
    "updated": 0
  },
  {
    "id": "1adb2870-78e4-43e9-bbea-c8d3372a625b",
    "data": [
      {
        "text": "Juan",
        "meta": "@sys.person",
        "alias": "person",
        "userDefined": false
      }
    ],
    "isTemplate": false,
    "count": 0,
    "lang": "es",
    "updated": 0
  },
  {
    "id": "f3ebf055-0229-4e02-acf9-7dd1de6b8f7c",
    "data": [
      {
        "text": "David",
        "meta": "@sys.person",
        "alias": "person",
        "userDefined": false
      }
    ],
    "isTemplate": false,
    "count": 0,
    "lang": "es",
    "updated": 0
  },
  {
    "id": "421ef725-e2d9-4063-875b-4e66ed6f3a5b",
    "data": [
      {
        "text": "Maria",
        "meta": "@sys.person",
        "alias": "person",
        "userDefined": false
      }
    ],
    "isTemplate": false,
    "count": 0,
    "lang": "es",
    "updated": 0
  },
  {
    "id": "34ce4062-12ad-4133-a782-a7f8092aa269",
    "data": [
      {
        "text": "Leonardo",
        "meta": "@sys.person",
        "alias": "person",
        "userDefined": false
      }
    ],
    "isTemplate": false,
    "count": 0,
    "lang": "es",
    "updated": 0
  }
]