[
  {
    "id": "7fa6198f-b019-41db-b9f4-7288359dec41",
    "data": [
      {
        "text": "uno",
        "meta": "@keep_validation",
        "alias": "keep_validation",
        "userDefined": false
      }
    ],
    "isTemplate": false,
    "count": 0,
    "lang": "es",
    "updated": 0
  },
  {
    "id": "071eeed5-06a6-4c90-96c9-b61240ac9469",
    "data": [
      {
        "text": "seleccion el ",
        "userDefined": false
      },
      {
        "text": "1",
        "meta": "@keep_validation",
        "alias": "keep_validation",
        "userDefined": true
      }
    ],
    "isTemplate": false,
    "count": 0,
    "lang": "es",
    "updated": 0
  },
  {
    "id": "e8e1ea2a-a0bd-4d0e-8084-892805b4b7c6",
    "data": [
      {
        "text": "escojo el ",
        "userDefined": false
      },
      {
        "text": "1",
        "meta": "@keep_validation",
        "alias": "keep_validation",
        "userDefined": true
      }
    ],
    "isTemplate": false,
    "count": 0,
    "lang": "es",
    "updated": 0
  },
  {
    "id": "32b0d9c6-c87a-4a6a-95d9-ffd6cc6b276d",
    "data": [
      {
        "text": "1",
        "meta": "@keep_validation",
        "alias": "keep_validation",
        "userDefined": true
      }
    ],
    "isTemplate": false,
    "count": 0,
    "lang": "es",
    "updated": 0
  },
  {
    "id": "18770ff4-946e-4d41-b48a-83674f4a54e1",
    "data": [
      {
        "text": "sí",
        "meta": "@keep_validation",
        "alias": "keep_validation",
        "userDefined": true
      }
    ],
    "isTemplate": false,
    "count": 0,
    "lang": "es",
    "updated": 0
  },
  {
    "id": "a68d5373-9517-4a76-827a-fb2d6878dc9f",
    "data": [
      {
        "text": "por supuesto",
        "meta": "@keep_validation",
        "alias": "keep_validation",
        "userDefined": true
      }
    ],
    "isTemplate": false,
    "count": 0,
    "lang": "es",
    "updated": 0
  },
  {
    "id": "39561113-18c6-4c3f-a997-d371011a56bd",
    "data": [
      {
        "text": "de acuerdo",
        "meta": "@keep_validation",
        "alias": "keep_validation",
        "userDefined": true
      }
    ],
    "isTemplate": false,
    "count": 0,
    "lang": "es",
    "updated": 0
  },
  {
    "id": "282d5312-7bac-4c22-83b7-a59b87621590",
    "data": [
      {
        "text": "buena idea",
        "meta": "@keep_validation",
        "alias": "keep_validation",
        "userDefined": true
      }
    ],
    "isTemplate": false,
    "count": 0,
    "lang": "es",
    "updated": 0
  },
  {
    "id": "2e0c3022-06b2-4c20-90fc-d7f165b8cdca",
    "data": [
      {
        "text": "confirmar",
        "meta": "@keep_validation",
        "alias": "keep_validation",
        "userDefined": true
      }
    ],
    "isTemplate": false,
    "count": 0,
    "lang": "es",
    "updated": 0
  },
  {
    "id": "4125fa15-f363-43a2-92c4-8b83a2221757",
    "data": [
      {
        "text": "adelante",
        "meta": "@keep_validation",
        "alias": "keep_validation",
        "userDefined": true
      }
    ],
    "isTemplate": false,
    "count": 0,
    "lang": "es",
    "updated": 0
  },
  {
    "id": "b5715f99-2ffc-4ea9-878c-5302853863c0",
    "data": [
      {
        "text": "correcto",
        "meta": "@keep_validation",
        "alias": "keep_validation",
        "userDefined": true
      }
    ],
    "isTemplate": false,
    "count": 0,
    "lang": "es",
    "updated": 0
  },
  {
    "id": "9b66ae00-e575-432a-b3fb-9ef8b14c2bc7",
    "data": [
      {
        "text": "claro que sí",
        "meta": "@keep_validation",
        "alias": "keep_validation",
        "userDefined": true
      }
    ],
    "isTemplate": false,
    "count": 0,
    "lang": "es",
    "updated": 0
  },
  {
    "id": "39cf6d20-d54a-4a07-bd01-e36c33ed7cf1",
    "data": [
      {
        "text": "eso mismo",
        "meta": "@keep_validation",
        "alias": "keep_validation",
        "userDefined": true
      }
    ],
    "isTemplate": false,
    "count": 0,
    "lang": "es",
    "updated": 0
  }
]